,index,ID,genre,book_lenght,book_sen,book_word,lenght_book,number_sen,number_word,number_of_stop_words,number_of_foreignwords,count_dial_break,noun,verb,adj,ProperNoun,num,Puch,she,he,she_he_ratio,period,comma,colon,semi_colon,exl,q
0,114,214,Allegories,337103,4179,73579,0.006205323586429374,0.00650974124596354,0.0061440844972570855,0.3728237676510961,6.795417170660107e-05,9,0.18615365797306296,0.1546365131355414,0.06452928145258838,0.0,0.005653787085989209,0.056796096712377175,1722,2433,0.7077681874229347,0.045705975889859876,0.06870166759537367,0.003261800241916851,0.010492124111499204,0.005653787085989209,0.005653787085989209
1,315,387,Sea and Adventure,50959,498,10839,0.0009380429264671465,0.000775748059461556,0.0009050915596266537,0.4001291632069379,0.0,9,0.1895008764646185,0.15554940492665376,0.06365900913368391,0.0,0.007288495248639173,0.046037457330011994,31,268,0.11567164179104478,0.045852938462957835,0.058400221422640466,0.0007380754682166251,0.0066426792139496265,0.0005535566011624688,0.0011071132023249377
2,100,200,Allegories,140074,1359,30962,0.002578453754625465,0.0021169510297354512,0.0025854271491060478,0.40349460629158324,0.0,77,0.1807376784445449,0.15609456753439702,0.059298494929268135,0.0,0.0050384342096763774,0.04389251340352691,649,608,1.0674342105263157,0.0375621729862412,0.06633938376073897,0.001873264001033525,0.007170079452231768,0.0036173373813061173,0.0029390866223112204
3,211,311,Love and Romance,584889,6841,132627,0.010766517969709823,0.010656410591920693,0.011074783492813378,0.3653554706055328,6.785948562509896e-05,391,0.1636092198421136,0.16487593024044878,0.05979174677855942,0.0,0.0030989165102128526,0.051588288960769675,2932,1560,1.8794871794871795,0.049597744049100105,0.05989730597842068,0.0016814072549330076,0.005149780964660288,0.0023675420540312303,0.0048180234793820265
4,151,251,Ghost and Horror,126433,1040,26347,0.002327352995977565,0.0016200361081124867,0.0022000597215133724,0.383535127338976,7.590997077466125e-05,15,0.17220176870231904,0.14324211485178578,0.07367062663680875,0.0,0.0031882187725357724,0.03996659961285915,414,63,6.571428571428571,0.04528029756708544,0.08186890348047215,0.002618893991725813,0.0073253121797548105,0.0008350096785212737,0.0007970546931339431
5,83,183,Christmas Stories,35681,514,8444,0.0006568086041577396,0.0008006716918940559,0.0007051013128044528,0.37801989578398865,0.0,28,0.16283751776409286,0.16200852676456656,0.05281856939838939,0.0,0.004500236854571293,0.060990052108005684,263,185,1.4216216216216215,0.04997631454287068,0.06371387967787778,0.0011842728564661299,0.006987209853150165,0.004500236854571293,0.006513500710563714
6,178,278,Humorous and Wit and Satire,293900,3139,65817,0.005410051533363967,0.004889705137851053,0.005495932390437076,0.417597277299178,6.077457191910905e-05,120,0.15395718431408298,0.173602564686935,0.05161280520230336,0.0,0.004785997538629837,0.047692845313520825,440,1620,0.2716049382716049,0.04624944923044198,0.057705456037194035,0.0014130087971192854,0.0025221447346430253,0.0020055608733305984,0.00416305817645897
7,204,304,Humorous and Wit and Satire,590333,9418,131131,0.010866730016486392,0.01467067314058019,0.01094986265387976,0.3328503557511191,0.00012964135101539682,202,0.19559829483493604,0.16407256865272132,0.050735524017966764,0.0,0.004156149194317133,0.07206533924091175,2424,3955,0.6128950695322377,0.06865653430538926,0.04606843538141248,0.0033859270500491874,0.012293050460989392,0.007755603175450504,0.006238036772387917
8,520,393,Sea and Adventure,438437,3474,97414,0.008070659285925475,0.005411543691906518,0.008134384093502246,0.3891021824378426,0.00045168045660787975,126,0.184388280945244,0.1441476584474511,0.0555464306978463,0.0,0.004352557127312296,0.035662225142176686,794,2513,0.3159570234779148,0.021711458311946947,0.0860348615188782,9.238918430615722e-05,0.003941938530396042,0.010224403063214734,0.003746894696860821
9,6,106,Detective and Mystery,305006,3569,67256,0.005614488526659442,0.005559527759474485,0.005616093544999559,0.37946056857380756,8.921137147615082e-05,81,0.16929344593790888,0.17421493993100987,0.05774949446889497,0.0,0.005085048174140597,0.05306589746639705,854,1397,0.6113099498926271,0.04841203758772451,0.05437433091471393,0.00023789699060306887,0.0017693588676103247,0.0009664565243249673,0.004564648507196384
10,133,233,Christmas Stories,143747,1901,31704,0.0026460655929447774,0.0029612390783863816,0.0026473865491653684,0.38357935907141055,0.00012616704516780217,23,0.22035074438556648,0.15799268231138028,0.05428337118344689,0.0,0.004699722432500631,0.05999242997728993,382,901,0.4239733629300777,0.062358062074186225,0.03879636638909917,0.0010724198839263184,0.00041004289679535705,0.003942720161493818,0.0028703002775674995
11,218,318,Love and Romance,697956,8140,156611,0.012847832351209868,0.01267989800003427,0.013077525071011151,0.37697862857653675,0.0004405820791642988,51,0.164100861369891,0.1528564404799152,0.06625332831027195,0.0,0.003818378019423923,0.05197591484633902,5191,3575,1.452027972027972,0.026856351086449865,0.04785104494575732,0.0003064918811577731,0.0007023772276532299,0.020266775641557745,0.005657329306370562
12,36,136,Christmas Stories,143747,1901,31704,0.0026460655929447774,0.0029612390783863816,0.0026473865491653684,0.38357935907141055,0.00012616704516780217,23,0.22035074438556648,0.15799268231138028,0.05428337118344689,0.0,0.004699722432500631,0.05999242997728993,382,901,0.4239733629300777,0.062358062074186225,0.03879636638909917,0.0010724198839263184,0.00041004289679535705,0.003942720161493818,0.0028703002775674995
13,181,281,Humorous and Wit and Satire,293900,3139,65817,0.005410051533363967,0.004889705137851053,0.005495932390437076,0.417597277299178,6.077457191910905e-05,120,0.15395718431408298,0.173602564686935,0.05161280520230336,0.0,0.004785997538629837,0.047692845313520825,440,1620,0.2716049382716049,0.04624944923044198,0.057705456037194035,0.0014130087971192854,0.0025221447346430253,0.0020055608733305984,0.00416305817645897
14,7,107,Detective and Mystery,366145,4227,82911,0.006739922826415615,0.006584512143261039,0.006923336682369728,0.39562904801534177,7.23667547128849e-05,126,0.17567029706552809,0.17196753144938548,0.046495639903028546,0.0,0.005837584880172715,0.05098237869522741,1581,2286,0.6916010498687664,0.046157928381035086,0.048509847909203846,0.0023157361508123167,0.0003015281446370204,0.0020624525093172197,0.005005367200974539
15,124,368,Literary,954228,13155,224431,0.017565235299689796,0.020491899040595923,0.01874071444031456,0.3732862216004028,0.0002539756094300698,710,0.15920260570063852,0.17180336049832687,0.039428599435906805,0.0,0.003560114244467119,0.060553132143064015,3298,7941,0.41531293287998994,0.08320151850680164,0.06078928490270952,0.0004188369699373081,0.0006282554549059622,0.013616657235408655,0.0055384505705539785
16,234,334,Western Stories,356060,3318,77339,0.006554280193839993,0.005168538275689645,0.006458056659282754,0.3984018412443916,0.000543063654818397,168,0.17305628466879583,0.15622131136942552,0.051073843726968285,0.0,0.004667761414034317,0.04290202873065336,245,1845,0.13279132791327913,0.034937095126650206,0.07968812630109001,0.0004525530456819974,0.011068154488679708,0.002637737751975071,0.005792678984729567
17,570,342,Literary,428091,5351,103212,0.007880212218337236,0.00833539732164415,0.008618535847604593,0.3843932876022168,0.0001162655505173817,267,0.1484420416230671,0.17524125101732357,0.04629306669767081,0.0,0.0053288377320466615,0.05184474673487579,3212,2027,1.584607794770597,0.045285431926520174,0.0682963221330853,0.0015017633608495136,0.004127427043367051,0.0012110994845560593,0.007266596907336356
18,90,190,Allegories,140074,1359,30962,0.002578453754625465,0.0021169510297354512,0.0025854271491060478,0.40349460629158324,0.0,77,0.1807376784445449,0.15609456753439702,0.059298494929268135,0.0,0.0050384342096763774,0.04389251340352691,649,608,1.0674342105263157,0.0375621729862412,0.06633938376073897,0.001873264001033525,0.007170079452231768,0.0036173373813061173,0.0029390866223112204
19,199,299,Humorous and Wit and Satire,368128,5322,82436,0.006776425487833311,0.008290223237860243,0.006883672645943613,0.32084283565432575,0.0002668736959580766,319,0.21571886069193072,0.14594351982143725,0.0558008637003251,0.0,0.006817409869474501,0.06460769566694163,562,3681,0.15267590328715022,0.06563879858314328,0.06562666796059974,0.0010917560289194041,0.004257848512785676,0.0034450968023678973,0.008054733368916493
20,111,211,Allegories,337103,4179,73579,0.006205323586429374,0.00650974124596354,0.0061440844972570855,0.3728237676510961,6.795417170660107e-05,9,0.18615365797306296,0.1546365131355414,0.06452928145258838,0.0,0.005653787085989209,0.056796096712377175,1722,2433,0.7077681874229347,0.045705975889859876,0.06870166759537367,0.003261800241916851,0.010492124111499204,0.005653787085989209,0.005653787085989209
21,733,340,Literary,269336,3466,60210,0.004957882408268517,0.005399081875690268,0.005027729754139757,0.36967281182527817,8.304268393954493e-05,118,0.170436804517522,0.16176714831423353,0.051968111609367214,0.0,0.006527154957648231,0.05758179704368045,1191,1547,0.7698771816418876,0.051602723800033216,0.05263245308088357,0.0007972097658196312,0.0014117256269722638,0.002391629297458894,0.005264906161767148
22,70,170,Love and Romance,376355,6927,88429,0.00692786643361414,0.01079037511624538,0.007384107530789313,0.36627124585825915,5.6542536950547896e-05,223,0.16153071956032522,0.16780694116183606,0.03955715885060331,0.0,0.0043311583304119685,0.07833403069128905,1633,1825,0.8947945205479452,0.06432279003494329,0.048004613871015164,0.0007463614877472322,0.006140519512829502,0.004873966685137229,0.00969139083332391
23,43,143,Love and Romance,463532,4722,101473,0.008532602951219007,0.007355587021641501,0.00847332372266772,0.3827520621249002,0.00017738708819094734,236,0.21346565096133946,0.14497452524316815,0.057128497235717876,0.0,0.003409774028559321,0.046544400973658015,2100,2830,0.7420494699646644,0.039705143240073716,0.05786761010318016,0.0008672257644890759,0.003114128881574409,0.003784257881406877,0.0034196288667921516
24,92,192,Allegories,140074,1359,30962,0.002578453754625465,0.0021169510297354512,0.0025854271491060478,0.40349460629158324,0.0,77,0.1807376784445449,0.15609456753439702,0.059298494929268135,0.0,0.0050384342096763774,0.04389251340352691,649,608,1.0674342105263157,0.0375621729862412,0.06633938376073897,0.001873264001033525,0.007170079452231768,0.0036173373813061173,0.0029390866223112204
25,936,374,Literary,355235,5785,80637,0.006539093761328848,0.009011450851375707,0.006733450326931864,0.35038505896796757,3.720376502102013e-05,33,0.18646527028535287,0.1541351984820864,0.05483834964098367,0.0,0.004538859332564455,0.0717288589605268,2656,1841,1.4426941879413362,0.056090876396691344,0.03251609062837159,0.001240125500700671,0.0006076614953433288,0.008234433324652455,0.007651574339323139
26,458,357,Literary,274255,3573,61236,0.005048430361628903,0.00556575866758261,0.005113404072820165,0.3782578875171468,8.165131621921746e-05,183,0.19039453915997126,0.161832908746489,0.04894179894179894,0.0,0.004523482918544647,0.05838069109674048,973,2340,0.41581196581196583,0.04931739499640734,0.05998105689463714,0.0005388986870468352,0.0016983473773597231,0.004049905284473186,0.006613756613756613
27,688,402,Sea and Adventure,342382,3074,75733,0.006302498346703714,0.004788452881094023,0.006323950464545195,0.38881333104459087,0.00021126853551292038,250,0.18644448259015226,0.15620667344486552,0.05016307290084904,0.0,0.004568682080466903,0.04058996738541983,1496,1212,1.2343234323432344,0.035030964044736115,0.07002231523906355,0.0008318698585821241,0.0054533690729272576,0.002495609575746372,0.005611820474561948
28,20,350,Literary,292103,2940,61671,0.005376972722185147,0.004579717459471837,0.005149727979863028,0.4035446157837557,6.486030711355418e-05,65,0.2059801203158697,0.15452968169804285,0.05728786625804673,0.0,0.0034375962770183716,0.047996627264030096,1042,1990,0.5236180904522613,0.04663456081464546,0.05188824569084335,0.0010215498370384783,0.0007458935318058731,0.0020593147508553454,0.0014917870636117461
29,546,396,Sea and Adventure,337135,3919,74486,0.006205912635932837,0.006104732218935418,0.00621982193102232,0.39982010042155575,0.00010740273339956502,116,0.1737776226404962,0.1664473860859759,0.04936498133877507,0.0,0.004108154552533362,0.05260048868243697,2680,1909,1.4038763750654792,0.04596836989501383,0.05807802808581478,0.0013022581424697258,0.004349810702682384,0.005370136669978251,0.0038396477190344495
30,52,152,Western Stories,74812,678,16323,0.0013771241079075368,0.0010561389243271787,0.001363023298070474,0.41769282607363845,6.126324817741837e-05,5,0.17429394106475526,0.16896403847331987,0.05409544814066042,0.0,0.004717270109661214,0.04147521901611224,80,278,0.28776978417266186,0.038167003614531646,0.045518593395821844,0.0007964222263064387,0.006493904306806347,0.0009189487226612755,0.0030018991606935
31,54,154,Western Stories,488127,8798,115440,0.008985342718020935,0.013704882383820824,0.009639613400064665,0.31475225225225223,0.00014726264726264726,212,0.1886781011781012,0.16513340263340262,0.04285343035343035,0.0,0.005206167706167706,0.07623873873873874,828,3331,0.24857400180126088,0.06526334026334027,0.050225225225225226,0.00014726264726264726,6.0637560637560636e-05,0.0031704781704781707,0.009745322245322246
32,192,292,Humorous and Wit and Satire,293900,3139,65817,0.005410051533363967,0.004889705137851053,0.005495932390437076,0.417597277299178,6.077457191910905e-05,120,0.15395718431408298,0.173602564686935,0.05161280520230336,0.0,0.004785997538629837,0.047692845313520825,440,1620,0.2716049382716049,0.04624944923044198,0.057705456037194035,0.0014130087971192854,0.0025221447346430253,0.0020055608733305984,0.00416305817645897
33,26,126,Detective and Mystery,327631,3767,73080,0.006030964933404456,0.00586795771082667,0.00610241638320102,0.39441707717569785,0.00019157088122605365,60,0.17625889436234263,0.15194307608100713,0.06055008210180624,0.0,0.005391351943076081,0.05154625068418172,709,2176,0.3258272058823529,0.03984674329501916,0.0460727969348659,0.0003968253968253968,0.009113300492610837,0.007895457033388068,0.006458675424192666
34,966,412,Sea and Adventure,256711,2176,55977,0.004725483971355553,0.003389614010819972,0.0046742605621571355,0.4234596352073173,5.359344016292406e-05,2,0.1810743698304661,0.1584222091216035,0.05077085231434339,0.0,0.006198974578844883,0.03887310859817425,1173,911,1.287596048298573,0.03147721385569073,0.06434785715561749,0.0012147846436929453,0.0060739232184647265,0.004591171373957161,0.003555031530807296
35,177,277,Ghost and Horror,126433,1040,26347,0.002327352995977565,0.0016200361081124867,0.0022000597215133724,0.383535127338976,7.590997077466125e-05,15,0.17220176870231904,0.14324211485178578,0.07367062663680875,0.0,0.0031882187725357724,0.03996659961285915,414,63,6.571428571428571,0.04528029756708544,0.08186890348047215,0.002618893991725813,0.0073253121797548105,0.0008350096785212737,0.0007970546931339431
36,492,391,Sea and Adventure,249273,2596,54407,0.004588566777394474,0.004043859362173091,0.004543160483864503,0.3972650578050618,0.0006432995754222802,3,0.18095098057235282,0.16071461392835482,0.0525667653059349,0.0,0.007443895087029242,0.047714448508463986,716,1196,0.5986622073578596,0.03661293583546235,0.0649732571176503,0.0018196187990515925,0.005238296542724282,0.007076295329645083,0.005183156579116658
37,943,410,Sea and Adventure,570969,3178,115760,0.010510281435703608,0.0049504564919052715,0.009666334435130678,0.4345801658604008,5.183137525915688e-05,89,0.1880787836903939,0.1601157567380788,0.05810297166551486,0.0,0.0054941257774706286,0.027453351762266757,443,3611,0.1226806978676267,0.02485314443676572,0.06891845196959226,0.00030234968901174847,0.00856945404284727,0.0013476157567380788,0.0013648928818244645
38,182,282,Humorous and Wit and Satire,590333,9418,131131,0.010866730016486392,0.01467067314058019,0.01094986265387976,0.3328503557511191,0.00012964135101539682,202,0.19559829483493604,0.16407256865272132,0.050735524017966764,0.0,0.004156149194317133,0.07206533924091175,2424,3955,0.6128950695322377,0.06865653430538926,0.04606843538141248,0.0033859270500491874,0.012293050460989392,0.007755603175450504,0.006238036772387917
39,619,400,Sea and Adventure,545326,4875,113190,0.010038250297663281,0.007593919256777281,0.009451731122256751,0.3726742645109992,6.184291898577613e-05,98,0.20926760314515416,0.13532114144359042,0.06838059899284389,0.0,0.0052919869246399855,0.043069175722236945,620,1781,0.3481190342504211,0.036964396148069616,0.08154430603410195,0.0026239067055393588,0.019922254616132166,0.00310098065200106,0.003065641841152045
40,211,363,Literary,865044,8538,179919,0.015923554333539636,0.013299873356792702,0.015023818462631969,0.3982347611980947,0.0001000450202591166,346,0.19693306432338997,0.1521462435873921,0.0568589198472646,0.0,0.004735464292264853,0.04747692016963189,2849,6255,0.45547561950439647,0.041318593367015155,0.060138173289091205,0.0014562108504382527,0.004357516437952634,0.0046020709319193635,0.003106953684713677
41,73,173,Western Stories,356060,3318,77339,0.006554280193839993,0.005168538275689645,0.006458056659282754,0.3984018412443916,0.000543063654818397,168,0.17305628466879583,0.15622131136942552,0.051073843726968285,0.0,0.004667761414034317,0.04290202873065336,245,1845,0.13279132791327913,0.034937095126650206,0.07968812630109001,0.0004525530456819974,0.011068154488679708,0.002637737751975071,0.005792678984729567
42,215,315,Love and Romance,376355,6927,88429,0.00692786643361414,0.01079037511624538,0.007384107530789313,0.36627124585825915,5.6542536950547896e-05,223,0.16153071956032522,0.16780694116183606,0.03955715885060331,0.0,0.0043311583304119685,0.07833403069128905,1633,1825,0.8947945205479452,0.06432279003494329,0.048004613871015164,0.0007463614877472322,0.006140519512829502,0.004873966685137229,0.00969139083332391
43,26,373,Literary,524505,5803,116188,0.00965498155667597,0.009039489937862268,0.009702073819531474,0.3847471339553138,0.0001807415567872758,144,0.1938324095431542,0.14404241401865941,0.05470444452094881,0.0,0.005043550108444934,0.04998795056288085,1151,3778,0.3046585494970884,0.044402175784074085,0.07708197059937343,0.000301235927978793,0.010526043997658966,0.0023668537198333734,0.0046476400316728065
44,390,343,Literary,374285,4808,84873,0.006889762293858905,0.007489551545966188,0.007087170028618229,0.37927256017814853,0.00011782310039706384,137,0.15459569003098747,0.17507334487999718,0.05051076314022127,0.0,0.004500842435167839,0.05726202679297303,3168,1528,2.073298429319372,0.05468170089427733,0.0636598211445336,0.000459510091548549,0.0012489248642088768,0.005478774168463469,0.004276978544413418
45,163,263,Ghost and Horror,79521,548,17093,0.0014638064239014493,0.0008536344108131179,0.001427320788698071,0.4428713508453753,5.8503480957116946e-05,18,0.1480138068215059,0.15339612706956063,0.06172117240975838,0.0,0.0032761949335985492,0.03205990756450009,177,851,0.20799059929494712,0.026502076873573976,0.07371438600596736,0.0015795939858421577,0.008951032586438893,0.0025156496811560287,0.0037442227812554845
46,171,271,Ghost and Horror,374778,3490,76901,0.006898837337771625,0.005436467324339018,0.006421482242536147,0.3806842563815815,7.802239242662644e-05,66,0.18730575675218789,0.13760549277642684,0.07969987386379891,0.0,0.0028998322518562825,0.04539602866022548,891,2482,0.3589846897663175,0.043627521098555284,0.07669601175537379,0.00015604478485325288,0.004226212923108932,0.0015214366523192157,0.0026397576104341945
47,174,274,Ghost and Horror,195403,1782,41861,0.0035969387539092177,0.0027758695621696644,0.003495528902807579,0.4116002962184372,0.00014333150187525383,100,0.1757005327154153,0.16485511574018777,0.058431475597811804,0.0,0.002938295788442703,0.04256945605695038,392,1239,0.3163841807909605,0.036645087312773224,0.06504861326771935,0.0013616492678149112,0.008384892859702349,0.002556078450108693,0.005064379732925635
48,156,256,Ghost and Horror,195403,1782,41861,0.0035969387539092177,0.0027758695621696644,0.003495528902807579,0.4116002962184372,0.00014333150187525383,100,0.1757005327154153,0.16485511574018777,0.058431475597811804,0.0,0.002938295788442703,0.04256945605695038,392,1239,0.3163841807909605,0.036645087312773224,0.06504861326771935,0.0013616492678149112,0.008384892859702349,0.002556078450108693,0.005064379732925635
49,138,238,Christmas Stories,159569,1973,36008,0.002937313756813048,0.0030733954243326307,0.003006784470803261,0.3767773828038214,5.554321261941791e-05,96,0.18162630526549656,0.1513552543879138,0.0583203732503888,0.0,0.004998889135747611,0.054793379249055765,167,1092,0.15293040293040294,0.039907798267051764,0.07787158409242391,0.0016385247722728283,0.009775605421017552,0.011164185736503,0.004943345923128194
50,125,225,Christmas Stories,35681,514,8444,0.0006568086041577396,0.0008006716918940559,0.0007051013128044528,0.37801989578398865,0.0,28,0.16283751776409286,0.16200852676456656,0.05281856939838939,0.0,0.004500236854571293,0.060990052108005684,263,185,1.4216216216216215,0.04997631454287068,0.06371387967787778,0.0011842728564661299,0.006987209853150165,0.004500236854571293,0.006513500710563714
51,101,201,Allegories,337103,4179,73579,0.006205323586429374,0.00650974124596354,0.0061440844972570855,0.3728237676510961,6.795417170660107e-05,9,0.18615365797306296,0.1546365131355414,0.06452928145258838,0.0,0.005653787085989209,0.056796096712377175,1722,2433,0.7077681874229347,0.045705975889859876,0.06870166759537367,0.003261800241916851,0.010492124111499204,0.005653787085989209,0.005653787085989209
52,161,261,Ghost and Horror,316109,2375,68049,0.005818870296563967,0.003699601689199188,0.005682311610022526,0.4103513644579641,0.00022042939646431248,118,0.1870857764258108,0.156460785610369,0.06173492630310511,0.0,0.005393172566826846,0.03490132110684947,177,1558,0.11360718870346598,0.03419594703816368,0.06781877764552013,0.0005290305515143499,0.009934018133991682,0.0004996399653191082,0.0026451527575717497
53,747,403,Sea and Adventure,475171,2413,97682,0.00874685130030653,0.003758795316226375,0.008156762960370033,0.4077107348334391,0.00021498331319997542,167,0.2052476403022051,0.1360332507524416,0.07094449335599189,0.0,0.006848754120513503,0.024702606416740033,1474,2379,0.619588062211013,0.023085112917425932,0.08607522368501873,0.0007473229458856289,0.01028848713171311,0.0016072561986855305,0.001627730799942671
54,107,207,Allegories,140074,1359,30962,0.002578453754625465,0.0021169510297354512,0.0025854271491060478,0.40349460629158324,0.0,77,0.1807376784445449,0.15609456753439702,0.059298494929268135,0.0,0.0050384342096763774,0.04389251340352691,649,608,1.0674342105263157,0.0375621729862412,0.06633938376073897,0.001873264001033525,0.007170079452231768,0.0036173373813061173,0.0029390866223112204
55,269,371,Literary,338714,2284,67191,0.006234978547369318,0.0035578485297393454,0.005610665834751775,0.4134035808367192,0.00017859534759119525,84,0.19513030018901342,0.15455939039454689,0.07503981187956721,0.0,0.007426589870667202,0.033992647824857496,509,1005,0.5064676616915423,0.03277224628298433,0.05712074533791728,0.0010269232486493727,0.0022324418448899405,0.0005953178253039842,0.001919899986605349
56,203,303,Humorous and Wit and Satire,293900,3139,65817,0.005410051533363967,0.004889705137851053,0.005495932390437076,0.417597277299178,6.077457191910905e-05,120,0.15395718431408298,0.173602564686935,0.05161280520230336,0.0,0.004785997538629837,0.047692845313520825,440,1620,0.2716049382716049,0.04624944923044198,0.057705456037194035,0.0014130087971192854,0.0025221447346430253,0.0020055608733305984,0.00416305817645897
57,122,222,Christmas Stories,55864,449,11949,0.0010283331706697674,0.0006994194351370254,0.000997780150011891,0.39191564147627417,0.00033475604653109047,35,0.19984935977906101,0.14444723407816554,0.05967026529416688,0.0,0.00736463302368399,0.03757636622311491,84,339,0.24778761061946902,0.031550757385555274,0.08117834128378944,0.0005021340697966357,0.009038413256339443,0.003682316511841995,0.0028454263955142688
58,33,133,Detective and Mystery,413488,5559,94193,0.007611403158991493,0.008659404543266648,0.007865420174915896,0.3398235537672651,0.00025479600394933804,77,0.19793402906797744,0.1542789803913242,0.04929241026403236,0.0,0.006868875606467572,0.059006507914600874,1203,2883,0.4172736732570239,0.05422908284055079,0.05515271835486713,0.0011041160171137983,0.0010934995169492425,0.0046818765725690865,0.007282919112885246
59,236,336,Western Stories,485473,4899,105667,0.00893648842482751,0.00763130470542603,0.008823536288501672,0.3789641042141823,0.00036908400919870917,298,0.18967132595796227,0.15738120699934702,0.048085021813811316,0.0,0.005223958284043268,0.04637209346342756,1168,2550,0.45803921568627454,0.03758978678300699,0.07940038044044025,0.0023564594433456046,0.00899997160892237,0.003965287175750234,0.004883265352475229
60,229,329,Western Stories,499452,9265,119038,0.009193811018855733,0.014432340905444412,0.009940058038088163,0.28933617836321174,0.001159293670928611,213,0.20467413767032377,0.15713469648347586,0.04521245316621583,0.0,0.007636217006334112,0.07782388817016415,926,3183,0.2909205152371976,0.06786068314319797,0.05242023555503285,8.400678774845007e-05,0.0002352190056956602,0.005342831700801425,0.0069305599892471315
61,154,254,Ghost and Horror,374778,3490,76901,0.006898837337771625,0.005436467324339018,0.006421482242536147,0.3806842563815815,7.802239242662644e-05,66,0.18730575675218789,0.13760549277642684,0.07969987386379891,0.0,0.0028998322518562825,0.04539602866022548,891,2482,0.3589846897663175,0.043627521098555284,0.07669601175537379,0.00015604478485325288,0.004226212923108932,0.0015214366523192157,0.0026397576104341945
62,859,356,Literary,124125,1560,28243,0.002284867800540328,0.00243005416216873,0.0023583818542795075,0.3793860425592182,7.08140070105867e-05,74,0.1745211202775909,0.1581276776546401,0.056863647629501114,0.0,0.005948376588889282,0.055234925468257624,806,1026,0.7855750487329435,0.05006550295648479,0.0649010374252027,0.000708140070105867,0.010338845023545658,0.003257444322486988,0.005098608504762242
63,496,341,Literary,492222,7560,110236,0.00906072264666716,0.011776416324356153,0.009205062567303607,0.3478355528139628,0.000127000254000508,115,0.20407126528538772,0.14793715301716318,0.055326753510649876,0.0,0.004599223484161254,0.06967778221270728,874,3051,0.2864634546050475,0.06464312928625857,0.06508763017526036,0.000435429442287456,0.00190500381000762,0.010912950397329367,0.004526651910446678
64,166,266,Ghost and Horror,214685,1914,45113,0.003951877895339378,0.002981489529737788,0.00376708142166595,0.4173519827987498,6.649967858488684e-05,121,0.19617405182541617,0.16458670449759494,0.054596236118192094,0.0,0.006140136989337885,0.04242679493715781,240,2334,0.10282776349614396,0.05135991842706093,0.06902666637111254,0.0006649967858488683,0.002903819298206725,0.00042116463103761666,0.0024161549885842216
65,200,300,Humorous and Wit and Satire,263002,3834,62650,0.004841287422176896,0.0059723254216377634,0.005231477646518116,0.3614844373503591,0.00025538707102952914,181,0.16271348762968874,0.1648683160415004,0.053663208300079805,0.0,0.00475658419792498,0.0612609736632083,754,1691,0.44589000591366057,0.05120510774142059,0.06408619313647247,0.0006384676775738228,0.0045810055865921784,0.007438148443735036,0.004309656823623304
66,193,293,Humorous and Wit and Satire,368128,5322,82436,0.006776425487833311,0.008290223237860243,0.006883672645943613,0.32084283565432575,0.0002668736959580766,319,0.21571886069193072,0.14594351982143725,0.0558008637003251,0.0,0.006817409869474501,0.06460769566694163,562,3681,0.15267590328715022,0.06563879858314328,0.06562666796059974,0.0010917560289194041,0.004257848512785676,0.0034450968023678973,0.008054733368916493
67,91,191,Allegories,337103,4179,73579,0.006205323586429374,0.00650974124596354,0.0061440844972570855,0.3728237676510961,6.795417170660107e-05,9,0.18615365797306296,0.1546365131355414,0.06452928145258838,0.0,0.005653787085989209,0.056796096712377175,1722,2433,0.7077681874229347,0.045705975889859876,0.06870166759537367,0.003261800241916851,0.010492124111499204,0.005653787085989209,0.005653787085989209
68,919,409,Sea and Adventure,579733,3181,123881,0.010671607368464418,0.004955129672986365,0.010344464203165375,0.43205172706064693,0.00015337299505170285,157,0.16936414785156723,0.15389769214003762,0.05911318119808526,0.0,0.00590082417804183,0.02567786827681404,1326,1332,0.9954954954954955,0.023207755830191877,0.07150410474568336,0.00037132409328307004,0.010380930086131045,0.0012108394346187067,0.001461079584439906
69,140,240,Christmas Stories,55864,449,11949,0.0010283331706697674,0.0006994194351370254,0.000997780150011891,0.39191564147627417,0.00033475604653109047,35,0.19984935977906101,0.14444723407816554,0.05967026529416688,0.0,0.00736463302368399,0.03757636622311491,84,339,0.24778761061946902,0.031550757385555274,0.08117834128378944,0.0005021340697966357,0.009038413256339443,0.003682316511841995,0.0028454263955142688
70,259,376,Literary,290398,4049,65221,0.005345587428328782,0.006307236732449479,0.005446164462626624,0.36238328145842597,9.199490961500131e-05,65,0.17609358948804832,0.16266233268425814,0.04889529446037319,0.0,0.010349427331687647,0.0631545054506984,715,2318,0.3084555651423641,0.05910672942763834,0.061253277318655035,0.0009352815810858466,0.004829732754787568,0.0036797963846000523,0.00863218901887429
71,206,306,Love and Romance,629194,9107,138866,0.011582075415050724,0.014186220035173476,0.011595760173366075,0.3549032880618726,0.0001080178013336598,100,0.17133063528869558,0.15839010268892315,0.05680296112799389,0.0,0.0034421672691659585,0.06558120778304265,4704,2801,1.679400214209211,0.054865841890743595,0.04875203433525845,0.0010729768265810207,0.0003024498437342474,0.0058401624587732055,0.006027393314418216
72,8,108,Detective and Mystery,282526,3265,61712,0.005200681250476992,0.0050859787432569895,0.005153151612480861,0.4023204563131968,0.0017824734249416645,76,0.16129764065335753,0.1719438682914182,0.03957091003370495,0.0,0.005833549390718174,0.052907052113041225,860,1866,0.4608788853161844,0.044772491573761994,0.06348846253564946,0.0013449572206378014,0.003824215711693026,0.002641301529686285,0.006254861291158932
73,700,358,Literary,148507,1581,31051,0.0027336867065848335,0.0024627664297363857,0.002592858936983783,0.37435187272551607,0.00038646098354320314,92,0.20682103635953752,0.14144471997681235,0.06141509130140736,0.0,0.00331712344207916,0.05091623458181701,392,811,0.4833538840937115,0.04077163376380793,0.08070593539660559,0.0006118965572767382,0.0054426588515667776,0.007020707867701524,0.0031883031142314255
74,148,248,Christmas Stories,55864,449,11949,0.0010283331706697674,0.0006994194351370254,0.000997780150011891,0.39191564147627417,0.00033475604653109047,35,0.19984935977906101,0.14444723407816554,0.05967026529416688,0.0,0.00736463302368399,0.03757636622311491,84,339,0.24778761061946902,0.031550757385555274,0.08117834128378944,0.0005021340697966357,0.009038413256339443,0.003682316511841995,0.0028454263955142688
75,127,227,Christmas Stories,792019,8933,176464,0.014579324958841086,0.01391517553247004,0.014735314787153595,0.3963074621452534,0.00022100825097470307,30,0.17871633874331308,0.161936712303926,0.053529331761719104,0.0,0.0074122767249977335,0.050820563967721465,3938,5005,0.7868131868131868,0.043759633692991205,0.06739051591259407,0.0007820291957566415,0.00892533321243993,0.006607580016320609,0.004527835705866352
76,109,209,Allegories,337103,4179,73579,0.006205323586429374,0.00650974124596354,0.0061440844972570855,0.3728237676510961,6.795417170660107e-05,9,0.18615365797306296,0.1546365131355414,0.06452928145258838,0.0,0.005653787085989209,0.056796096712377175,1722,2433,0.7077681874229347,0.045705975889859876,0.06870166759537367,0.003261800241916851,0.010492124111499204,0.005653787085989209,0.005653787085989209
77,818,406,Sea and Adventure,200373,1780,43558,0.0036884255049157467,0.002772754108115602,0.0036372338918920365,0.4451076725285826,0.0,54,0.16789108774507552,0.17895679324119565,0.04541071674548877,0.0,0.00812709490793884,0.04086505349189586,352,1243,0.2831858407079646,0.040681390330134536,0.05861150649708435,0.00043620000918315806,0.004499747463152578,0.0011249368657881445,0.0022269158363561227
78,277,384,Sea and Adventure,582728,7059,127852,0.010726738720429117,0.010995995083813503,0.010676055547687696,0.32701091887494915,0.00014078778587742078,323,0.21145543284422613,0.13158965053342928,0.06468416606701499,0.0,0.004567781497356318,0.055220098238588367,297,2133,0.13924050632911392,0.038732284203610426,0.08895441604355035,0.004661640021274599,0.022776335137502737,0.010918874949159966,0.005686262240715828
79,470,372,Literary,341756,4620,72722,0.0062909750657922274,0.007196698864884316,0.006072522225220916,0.3552707571298919,0.00022001595115645885,4,0.20618244822749648,0.15564753444624735,0.057781689172465005,0.0,0.010657022634140974,0.06362586287505845,788,2490,0.3164658634538153,0.05959682076950579,0.06450592667968427,0.0018976375787244574,0.0030527213222958666,0.005362888809438684,0.005789169714804324
80,21,121,Detective and Mystery,590655,7825,135340,0.010872657327114984,0.01218921398651943,0.01130132776823243,0.3479754691887099,0.0003694399290675336,110,0.1791044776119403,0.152275749963056,0.057085857839515294,0.0,0.004189448795625831,0.05780996010048766,3639,2410,1.5099585062240664,0.04214570710802423,0.0840623614600266,0.0011304861829466528,0.008600561548692183,0.012250628047879415,0.006346977981380227
81,94,194,Allegories,337103,4179,73579,0.006205323586429374,0.00650974124596354,0.0061440844972570855,0.3728237676510961,6.795417170660107e-05,9,0.18615365797306296,0.1546365131355414,0.06452928145258838,0.0,0.005653787085989209,0.056796096712377175,1722,2433,0.7077681874229347,0.045705975889859876,0.06870166759537367,0.003261800241916851,0.010492124111499204,0.005653787085989209,0.005653787085989209
82,288,386,Sea and Adventure,456130,5278,100388,0.008396348437949322,0.008221683248670869,0.008382722713147016,0.36289197912101046,0.00015938159939434993,258,0.17576802008208153,0.16239988843288042,0.0633143403594055,0.0,0.005707853528310157,0.052645734549946206,3634,2081,1.7462758289283997,0.043401601785073914,0.06835478344025182,0.0007072558473124277,0.006723911224449137,0.005847312427780213,0.0048611387815276725
83,210,310,Love and Romance,463532,4722,101473,0.008532602951219007,0.007355587021641501,0.00847332372266772,0.3827520621249002,0.00017738708819094734,236,0.21346565096133946,0.14497452524316815,0.057128497235717876,0.0,0.003409774028559321,0.046544400973658015,2100,2830,0.7420494699646644,0.039705143240073716,0.05786761010318016,0.0008672257644890759,0.003114128881574409,0.003784257881406877,0.0034196288667921516
84,117,217,Allegories,337103,4179,73579,0.006205323586429374,0.00650974124596354,0.0061440844972570855,0.3728237676510961,6.795417170660107e-05,9,0.18615365797306296,0.1546365131355414,0.06452928145258838,0.0,0.005653787085989209,0.056796096712377175,1722,2433,0.7077681874229347,0.045705975889859876,0.06870166759537367,0.003261800241916851,0.010492124111499204,0.005653787085989209,0.005653787085989209
85,72,172,Love and Romance,584889,6841,132627,0.010766517969709823,0.010656410591920693,0.011074783492813378,0.3653554706055328,6.785948562509896e-05,391,0.1636092198421136,0.16487593024044878,0.05979174677855942,0.0,0.0030989165102128526,0.051588288960769675,2932,1560,1.8794871794871795,0.049597744049100105,0.05989730597842068,0.0016814072549330076,0.005149780964660288,0.0023675420540312303,0.0048180234793820265
86,209,309,Love and Romance,1199957,11551,261884,0.022088564844575793,0.01799330488923782,0.02186816108508779,0.36501275373829634,0.0004123963281452857,79,0.18856822104443188,0.1443692627270089,0.0667127430465397,0.0,0.004662369598753647,0.04415695498770448,5235,6392,0.8189924906132666,0.025881688075636542,0.061676161964839396,0.0006758717600158848,0.002352186464236074,0.01619419284874219,0.004234699332528906
87,165,265,Ghost and Horror,126433,1040,26347,0.002327352995977565,0.0016200361081124867,0.0022000597215133724,0.383535127338976,7.590997077466125e-05,15,0.17220176870231904,0.14324211485178578,0.07367062663680875,0.0,0.0031882187725357724,0.03996659961285915,414,63,6.571428571428571,0.04528029756708544,0.08186890348047215,0.002618893991725813,0.0073253121797548105,0.0008350096785212737,0.0007970546931339431
88,168,268,Ghost and Horror,195403,1782,41861,0.0035969387539092177,0.0027758695621696644,0.003495528902807579,0.4116002962184372,0.00014333150187525383,100,0.1757005327154153,0.16485511574018777,0.058431475597811804,0.0,0.002938295788442703,0.04256945605695038,392,1239,0.3163841807909605,0.036645087312773224,0.06504861326771935,0.0013616492678149112,0.008384892859702349,0.002556078450108693,0.005064379732925635
89,1,101,Detective and Mystery,261456,2471,56439,0.004812828968040862,0.0038491434837941868,0.004712839056533694,0.40172575701199525,3.543648895267457e-05,68,0.18361416750828327,0.15841882386293166,0.04835308917592445,0.0,0.004146069207462925,0.04378178210102943,585,1367,0.42794440380395027,0.0422934495650171,0.06748879321036871,0.0003366466450504084,0.0004252378674320948,0.0006378568011481422,0.004429561119084321
90,157,257,Ghost and Horror,374778,3490,76901,0.006898837337771625,0.005436467324339018,0.006421482242536147,0.3806842563815815,7.802239242662644e-05,66,0.18730575675218789,0.13760549277642684,0.07969987386379891,0.0,0.0028998322518562825,0.04539602866022548,891,2482,0.3589846897663175,0.043627521098555284,0.07669601175537379,0.00015604478485325288,0.004226212923108932,0.0015214366523192157,0.0026397576104341945
91,69,169,Humorous and Wit and Satire,293900,3139,65817,0.005410051533363967,0.004889705137851053,0.005495932390437076,0.417597277299178,6.077457191910905e-05,120,0.15395718431408298,0.173602564686935,0.05161280520230336,0.0,0.004785997538629837,0.047692845313520825,440,1620,0.2716049382716049,0.04624944923044198,0.057705456037194035,0.0014130087971192854,0.0025221447346430253,0.0020055608733305984,0.00416305817645897
92,27,127,Detective and Mystery,374254,3008,83480,0.006889191652152425,0.004685642897309961,0.006970850022846485,0.4119669381887877,5.989458552946814e-05,205,0.17886919022520364,0.151126018207954,0.05310253953042645,0.0,0.006085289889793962,0.03600862482031624,672,1396,0.4813753581661891,0.03077383804504073,0.0740656444657403,0.0001796837565884044,0.006995687589841878,0.001257786296118831,0.004084810733109727
93,58,158,Western Stories,408603,4612,91232,0.007521481070728536,0.007184237048668066,0.007618167097320682,0.3821575762890214,0.00012057172921781831,125,0.19932699052963873,0.14732769203788146,0.05022360575236759,0.0,0.0054695720799719395,0.05056339880743599,1403,3008,0.4664228723404255,0.04249605401613469,0.057304454577341284,0.0009316906348649596,0.005042090494563311,0.004187127323746054,0.004274815854086286
94,31,131,Detective and Mystery,388032,6388,86990,0.007142814278987025,0.009950760248675543,0.0072639463762268295,0.31761121968042305,0.00024140705828256122,156,0.20268996436371997,0.1429359696516841,0.05530520749511438,0.0,0.0067708932061156454,0.07339924129210254,235,2539,0.09255612445844821,0.06537533049775836,0.05530520749511438,0.00139096447867571,0.0026899643637199678,0.002666973215312105,0.010897804345327049
95,579,365,Literary,411734,2274,86206,0.007579115883082951,0.003542271259469033,0.007198479840315094,0.42088717722664315,0.00011600120641254669,125,0.21858107324316173,0.1486787462589611,0.05766419970767696,0.0,0.00665846924808018,0.026332273855648097,142,2848,0.04985955056179775,0.02713268217989467,0.06933392107277915,0.00019720205090132938,0.005753659838062316,0.0016588172516994177,0.0023200241282509337
96,55,155,Western Stories,485473,4899,105667,0.00893648842482751,0.00763130470542603,0.008823536288501672,0.3789641042141823,0.00036908400919870917,298,0.18967132595796227,0.15738120699934702,0.048085021813811316,0.0,0.005223958284043268,0.04637209346342756,1168,2550,0.45803921568627454,0.03758978678300699,0.07940038044044025,0.0023564594433456046,0.00899997160892237,0.003965287175750234,0.004883265352475229
97,853,338,Literary,47888,553,10409,0.0008815125819317238,0.0008614230459482741,0.000869185168756697,0.37947929676241715,9.607070804111827e-05,7,0.20597559804015755,0.15083101162455567,0.05783456624075319,0.0,0.005091747526179268,0.0531271015467384,118,285,0.41403508771929826,0.04745892977231242,0.04909213180901143,0.00220962628494572,0.005572101066384859,0.0033624747814391394,0.008166010183495052
98,5,105,Detective and Mystery,4884,46,1042,8.99036804659735e-05,7.165544324343691e-05,8.701037043370912e-05,0.42226487523992323,0.0009596928982725527,2,0.18426103646833014,0.15738963531669867,0.05470249520153551,0.0,0.0067178502879078695,0.044145873320537425,0,57,0.0,0.046065259117082535,0.0671785028790787,0.0,0.014395393474088292,0.0,0.0028790786948176585
99,179,279,Humorous and Wit and Satire,368128,5322,82436,0.006776425487833311,0.008290223237860243,0.006883672645943613,0.32084283565432575,0.0002668736959580766,319,0.21571886069193072,0.14594351982143725,0.0558008637003251,0.0,0.006817409869474501,0.06460769566694163,562,3681,0.15267590328715022,0.06563879858314328,0.06562666796059974,0.0010917560289194041,0.004257848512785676,0.0034450968023678973,0.008054733368916493
100,81,181,Humorous and Wit and Satire,368128,5322,82436,0.006776425487833311,0.008290223237860243,0.006883672645943613,0.32084283565432575,0.0002668736959580766,319,0.21571886069193072,0.14594351982143725,0.0558008637003251,0.0,0.006817409869474501,0.06460769566694163,562,3681,0.15267590328715022,0.06563879858314328,0.06562666796059974,0.0010917560289194041,0.004257848512785676,0.0034450968023678973,0.008054733368916493
101,214,314,Love and Romance,376355,6927,88429,0.00692786643361414,0.01079037511624538,0.007384107530789313,0.36627124585825915,5.6542536950547896e-05,223,0.16153071956032522,0.16780694116183606,0.03955715885060331,0.0,0.0043311583304119685,0.07833403069128905,1633,1825,0.8947945205479452,0.06432279003494329,0.048004613871015164,0.0007463614877472322,0.006140519512829502,0.004873966685137229,0.00969139083332391
102,87,187,Western Stories,124794,1983,30163,0.002297182616722092,0.003088972694602943,0.002518708064675593,0.3960812916487087,0.00029837880847395816,16,0.15711301926200974,0.16752312435765673,0.035672844213108776,0.0,0.00550343135629745,0.06574279746709545,154,756,0.2037037037037037,0.05115538905281305,0.06229486456917415,0.00026522560753240726,0.003083247687564234,0.007558929814673607,0.007260551006199649
103,191,291,Humorous and Wit and Satire,590333,9418,131131,0.010866730016486392,0.01467067314058019,0.01094986265387976,0.3328503557511191,0.00012964135101539682,202,0.19559829483493604,0.16407256865272132,0.050735524017966764,0.0,0.004156149194317133,0.07206533924091175,2424,3955,0.6128950695322377,0.06865653430538926,0.04606843538141248,0.0033859270500491874,0.012293050460989392,0.007755603175450504,0.006238036772387917
104,158,367,Literary,503564,4350,102943,0.009269503880050671,0.006776112567585881,0.008596073477502224,0.40670079558590677,0.00014571170453551966,25,0.17738942910154162,0.1408643618313047,0.07983058585819337,0.0,0.0041284982951730565,0.04229525076984351,982,1137,0.8636763412489006,0.035349659520317066,0.05992636701864138,0.0017776827953333398,0.002069106204404379,0.00259366834073225,0.0045073487269654084
105,77,177,Love and Romance,313319,4431,70884,0.005767512542980825,0.006902288456775411,0.005919043280060496,0.36088539021499916,7.053778003498674e-05,105,0.18070368489362904,0.17173127927317872,0.049602166920602674,0.0,0.002638112973308504,0.06251058066700525,2799,1555,1.8,0.057361322724451214,0.04812087353986795,0.0006630551323288754,0.002807403645392472,0.0030613396535184244,0.005868743298910897
106,32,132,Detective and Mystery,304325,3805,67602,0.005601952816913879,0.005927151337853857,0.005644985664164687,0.37882015324990387,0.0001627170793763498,96,0.18574894233898406,0.16385609893198427,0.05041270968314547,0.0,0.004985059613620899,0.05627052454069406,67,2310,0.029004329004329005,0.05090086092127452,0.06116682938374604,0.0021449069554155204,0.006612230407384397,0.0033430963580959143,0.004511700837253336
107,4,104,Detective and Mystery,472473,5253,101597,0.008697187064045844,0.008182740072995088,0.008483678123755802,0.4035355374666575,9.842810319202338e-05,572,0.17825329488075436,0.16389263462503814,0.049883362697717454,0.0,0.003779639162573698,0.05170428260676988,1248,4022,0.31029338637493786,0.04708800456706399,0.05746232664350325,0.0003937124127680935,0.0021063614083093006,0.0024213313385237755,0.00319891335374076
108,172,370,Literary,433913,5359,95369,0.007987382412373456,0.0083478591378604,0.007963619978783499,0.3782570856357936,8.388470047919135e-05,132,0.18869863372794093,0.1484654342606088,0.05865637681007455,0.0,0.003764325934003712,0.05619226373349831,1626,2800,0.5807142857142857,0.05413708857175812,0.06829263177762165,0.0005662217282345416,0.005368620830668246,0.005462991118707337,0.0063018381234992505
109,104,204,Allegories,337103,4179,73579,0.006205323586429374,0.00650974124596354,0.0061440844972570855,0.3728237676510961,6.795417170660107e-05,9,0.18615365797306296,0.1546365131355414,0.06452928145258838,0.0,0.005653787085989209,0.056796096712377175,1722,2433,0.7077681874229347,0.045705975889859876,0.06870166759537367,0.003261800241916851,0.010492124111499204,0.005653787085989209,0.005653787085989209
110,153,253,Ghost and Horror,195403,1782,41861,0.0035969387539092177,0.0027758695621696644,0.003495528902807579,0.4116002962184372,0.00014333150187525383,100,0.1757005327154153,0.16485511574018777,0.058431475597811804,0.0,0.002938295788442703,0.04256945605695038,392,1239,0.3163841807909605,0.036645087312773224,0.06504861326771935,0.0013616492678149112,0.008384892859702349,0.002556078450108693,0.005064379732925635
111,82,182,Western Stories,295216,4302,65275,0.005434276194193864,0.006701341670288382,0.005450673637294014,0.33668326311757946,0.0002297970126388357,42,0.2099578705476829,0.15892761394101876,0.05668326311757947,0.0,0.005270011489850632,0.06590578322481808,489,2250,0.21733333333333332,0.057127537342014555,0.060283416315587895,0.00027575641516660286,0.005545767905017235,0.007276905400229797,0.005576407506702413
112,136,236,Christmas Stories,55864,449,11949,0.0010283331706697674,0.0006994194351370254,0.000997780150011891,0.39191564147627417,0.00033475604653109047,35,0.19984935977906101,0.14444723407816554,0.05967026529416688,0.0,0.00736463302368399,0.03757636622311491,84,339,0.24778761061946902,0.031550757385555274,0.08117834128378944,0.0005021340697966357,0.009038413256339443,0.003682316511841995,0.0028454263955142688
113,23,123,Detective and Mystery,136829,2352,31441,0.0025187204534149648,0.0036637739675774695,0.002625425198470488,0.34219649502242294,0.0005406952705066633,40,0.19576349352755956,0.1669794217741166,0.03915269870551191,0.0,0.004802646226265068,0.07480678095480424,419,983,0.4262461851475076,0.061321204796285105,0.043700900098597374,0.004007506122578799,0.0001590280207372539,0.0067109824751121145,0.0081422346617474
114,519,352,Literary,233717,1878,48022,0.004302215087523736,0.002925411356764663,0.004009992331062936,0.4212444296364166,4.164757819332806e-05,41,0.2095081421015368,0.15199283661655075,0.06713589604764483,0.0,0.004851942859522718,0.039107075923535045,2043,1088,1.8777573529411764,0.03712881595935196,0.05110157844321353,0.0005205947274166007,0.0051642996959726795,0.0008121277747698972,0.0011869559785098497
115,96,196,Allegories,140074,1359,30962,0.002578453754625465,0.0021169510297354512,0.0025854271491060478,0.40349460629158324,0.0,77,0.1807376784445449,0.15609456753439702,0.059298494929268135,0.0,0.0050384342096763774,0.04389251340352691,649,608,1.0674342105263157,0.0375621729862412,0.06633938376073897,0.001873264001033525,0.007170079452231768,0.0036173373813061173,0.0029390866223112204
116,145,245,Christmas Stories,159569,1973,36008,0.002937313756813048,0.0030733954243326307,0.003006784470803261,0.3767773828038214,5.554321261941791e-05,96,0.18162630526549656,0.1513552543879138,0.0583203732503888,0.0,0.004998889135747611,0.054793379249055765,167,1092,0.15293040293040294,0.039907798267051764,0.07787158409242391,0.0016385247722728283,0.009775605421017552,0.011164185736503,0.004943345923128194
117,946,411,Sea and Adventure,670057,8410,142057,0.012334273223175431,0.013100484297332704,0.011862218994914986,0.3872107675088169,0.00023934054640038858,143,0.1978431193112624,0.1563597710778068,0.059426849785649424,0.0,0.0037801727475590785,0.05956059891452023,2419,7119,0.33979491501615394,0.0625593951723604,0.05375307095039315,0.0005842725103303604,0.0007884159175542212,0.003294452226922996,0.004990954335231632
118,45,145,Ghost and Horror,126433,1040,26347,0.002327352995977565,0.0016200361081124867,0.0022000597215133724,0.383535127338976,7.590997077466125e-05,15,0.17220176870231904,0.14324211485178578,0.07367062663680875,0.0,0.0031882187725357724,0.03996659961285915,414,63,6.571428571428571,0.04528029756708544,0.08186890348047215,0.002618893991725813,0.0073253121797548105,0.0008350096785212737,0.0007970546931339431
119,613,399,Sea and Adventure,569181,4853,120793,0.010477368294697639,0.007559649262182593,0.010086606214778335,0.40341741657215235,0.00033942364209846597,277,0.19404270114990108,0.15847772635831547,0.050284370783075176,0.0,0.005240369888983633,0.04017616914887452,824,3201,0.25741955638862857,0.031781642976000266,0.07563352181003866,0.0010431068025465052,0.0073845338719958934,0.004462179099782272,0.003965461574760127
120,142,242,Christmas Stories,143747,1901,31704,0.0026460655929447774,0.0029612390783863816,0.0026473865491653684,0.38357935907141055,0.00012616704516780217,23,0.22035074438556648,0.15799268231138028,0.05428337118344689,0.0,0.004699722432500631,0.05999242997728993,382,901,0.4239733629300777,0.062358062074186225,0.03879636638909917,0.0010724198839263184,0.00041004289679535705,0.003942720161493818,0.0028703002775674995
121,89,189,Allegories,337103,4179,73579,0.006205323586429374,0.00650974124596354,0.0061440844972570855,0.3728237676510961,6.795417170660107e-05,9,0.18615365797306296,0.1546365131355414,0.06452928145258838,0.0,0.005653787085989209,0.056796096712377175,1722,2433,0.7077681874229347,0.045705975889859876,0.06870166759537367,0.003261800241916851,0.010492124111499204,0.005653787085989209,0.005653787085989209
122,212,312,Love and Romance,387791,5445,89104,0.007138377999914072,0.008481823662185086,0.007440472214131686,0.34206096247082063,0.00013467408870533308,426,0.16753456634943437,0.1543028371341354,0.05762928712515712,0.0,0.004399353564374214,0.061703178308493443,807,1580,0.510759493670886,0.054621565810738015,0.07832420542287664,0.00185176871969833,0.0010100556652899982,0.0075978631711258755,0.005768540132878434
123,120,220,Allegories,337103,4179,73579,0.006205323586429374,0.00650974124596354,0.0061440844972570855,0.3728237676510961,6.795417170660107e-05,9,0.18615365797306296,0.1546365131355414,0.06452928145258838,0.0,0.005653787085989209,0.056796096712377175,1722,2433,0.7077681874229347,0.045705975889859876,0.06870166759537367,0.003261800241916851,0.010492124111499204,0.005653787085989209,0.005653787085989209
124,189,289,Humorous and Wit and Satire,542877,7536,119764,0.009993169602851413,0.011739030875707403,0.010000681386394183,0.3705287064560302,0.0005427340436191176,279,0.17494405664473464,0.16003974483150196,0.05750475936007481,0.0,0.004099729467953642,0.06292375004174877,2252,2074,1.085824493731919,0.05397281319929194,0.049296950669650313,0.0007514779065495474,0.002463177582579072,0.0028222170268194114,0.006654754350222104
125,208,308,Love and Romance,451557,5443,100294,0.008312169582345126,0.008478708208131024,0.008374873409096375,0.38190719285301217,0.00014956029273934632,194,0.19652222465950106,0.15268111751450736,0.05708217839551718,0.0,0.004566574271641375,0.0543701517538437,2326,2325,1.0004301075268818,0.046443456238658344,0.06031268071868706,0.0004287395058527928,0.011775380381677867,0.00555367220372106,0.004696193192015474
126,129,229,Christmas Stories,35681,514,8444,0.0006568086041577396,0.0008006716918940559,0.0007051013128044528,0.37801989578398865,0.0,28,0.16283751776409286,0.16200852676456656,0.05281856939838939,0.0,0.004500236854571293,0.060990052108005684,263,185,1.4216216216216215,0.04997631454287068,0.06371387967787778,0.0011842728564661299,0.006987209853150165,0.004500236854571293,0.006513500710563714
127,231,331,Western Stories,488127,8798,115440,0.008985342718020935,0.013704882383820824,0.009639613400064665,0.31475225225225223,0.00014726264726264726,212,0.1886781011781012,0.16513340263340262,0.04285343035343035,0.0,0.005206167706167706,0.07623873873873874,828,3331,0.24857400180126088,0.06526334026334027,0.050225225225225226,0.00014726264726264726,6.0637560637560636e-05,0.0031704781704781707,0.009745322245322246
128,187,287,Humorous and Wit and Satire,542877,7536,119764,0.009993169602851413,0.011739030875707403,0.010000681386394183,0.3705287064560302,0.0005427340436191176,279,0.17494405664473464,0.16003974483150196,0.05750475936007481,0.0,0.004099729467953642,0.06292375004174877,2252,2074,1.085824493731919,0.05397281319929194,0.049296950669650313,0.0007514779065495474,0.002463177582579072,0.0028222170268194114,0.006654754350222104
129,147,247,Christmas Stories,159569,1973,36008,0.002937313756813048,0.0030733954243326307,0.003006784470803261,0.3767773828038214,5.554321261941791e-05,96,0.18162630526549656,0.1513552543879138,0.0583203732503888,0.0,0.004998889135747611,0.054793379249055765,167,1092,0.15293040293040294,0.039907798267051764,0.07787158409242391,0.0016385247722728283,0.009775605421017552,0.011164185736503,0.004943345923128194
130,22,122,Detective and Mystery,638882,8816,142414,0.011760410152224014,0.013732921470307385,0.01189202964966051,0.37996966590363307,9.128316036344742e-05,151,0.1832614771019703,0.15534287359388824,0.0532391478365891,0.0,0.009317904138638056,0.0619461569789487,2708,4759,0.5690271065349863,0.060801606583622395,0.05866698498743101,0.00035108907832095157,0.0025840156164422035,0.0011515721768927212,0.006537278638336119
131,528,394,Sea and Adventure,492147,6148,107123,0.009059342061893419,0.009576905762188045,0.008945116998052036,0.39341691326792566,3.7340253727024076e-05,82,0.2004238118798017,0.15344043762777368,0.06291832753003557,0.0,0.004546175891265181,0.05740130504186776,1193,4141,0.28809466312484905,0.0538259757475052,0.05363927447887008,0.0001493610149080963,0.0026884982683457333,0.0016336361005573033,0.004518170700969913
132,155,255,Ghost and Horror,126433,1040,26347,0.002327352995977565,0.0016200361081124867,0.0022000597215133724,0.383535127338976,7.590997077466125e-05,15,0.17220176870231904,0.14324211485178578,0.07367062663680875,0.0,0.0031882187725357724,0.03996659961285915,414,63,6.571428571428571,0.04528029756708544,0.08186890348047215,0.002618893991725813,0.0073253121797548105,0.0008350096785212737,0.0007970546931339431
133,758,404,Sea and Adventure,249812,3437,55912,0.004598488579968422,0.005353907791906362,0.004668832851909352,0.35793747317212765,0.0017169838317355845,59,0.19543210759765345,0.16143225067963943,0.05360208899699528,0.0,0.0057590499356131065,0.06145371297753613,997,2019,0.4938088162456662,0.05320861353555587,0.05322649878380312,0.0010552296465874947,0.004954213764487051,0.004882672771498069,0.0064029188725139505
134,49,149,Allegories,140074,1359,30962,0.002578453754625465,0.0021169510297354512,0.0025854271491060478,0.40349460629158324,0.0,77,0.1807376784445449,0.15609456753439702,0.059298494929268135,0.0,0.0050384342096763774,0.04389251340352691,649,608,1.0674342105263157,0.0375621729862412,0.06633938376073897,0.001873264001033525,0.007170079452231768,0.0036173373813061173,0.0029390866223112204
135,160,260,Ghost and Horror,214685,1914,45113,0.003951877895339378,0.002981489529737788,0.00376708142166595,0.4173519827987498,6.649967858488684e-05,121,0.19617405182541617,0.16458670449759494,0.054596236118192094,0.0,0.006140136989337885,0.04242679493715781,240,2334,0.10282776349614396,0.05135991842706093,0.06902666637111254,0.0006649967858488683,0.002903819298206725,0.00042116463103761666,0.0024161549885842216
136,34,134,Love and Romance,921716,13847,215447,0.016966761004171833,0.02156984614330154,0.01799052138083621,0.37734106299925274,0.000301698329519557,196,0.17047812222959707,0.1611486815783,0.04969203562825196,0.0,0.004683286376695892,0.06428495175147485,6868,2949,2.3289250593421498,0.05789823019118391,0.05207313167507554,0.00015316992114069818,0.014704312429507024,0.003782832900899061,0.011501668623837882
137,225,325,Western Stories,576144,6360,124625,0.010605541785091694,0.009907143891918668,0.010406590609693856,0.3816248746238716,0.0005857572718154464,310,0.19154262788365095,0.15673420260782348,0.05043129388164493,0.0,0.005336008024072217,0.051049147442326984,431,3640,0.1184065934065934,0.04171715145436309,0.06919157472417252,0.0021825476429287866,0.007149448345035106,0.004124373119358074,0.005287863590772317
138,46,146,Western Stories,411017,4383,89123,0.007565917492645993,0.006827517559477912,0.007442058775588731,0.380956655408817,0.0002356294110386769,126,0.19943224532387824,0.1518126633977761,0.05687645164547872,0.0,0.005486799142757762,0.049190444666359974,531,2297,0.23117109272964736,0.0397877091211023,0.07055417793386667,0.0007517700256948263,0.004241329398696184,0.006451757683201867,0.0037588501284741313
139,134,234,Christmas Stories,143747,1901,31704,0.0026460655929447774,0.0029612390783863816,0.0026473865491653684,0.38357935907141055,0.00012616704516780217,23,0.22035074438556648,0.15799268231138028,0.05428337118344689,0.0,0.004699722432500631,0.05999242997728993,382,901,0.4239733629300777,0.062358062074186225,0.03879636638909917,0.0010724198839263184,0.00041004289679535705,0.003942720161493818,0.0028703002775674995
140,235,335,Western Stories,356060,3318,77339,0.006554280193839993,0.005168538275689645,0.006458056659282754,0.3984018412443916,0.000543063654818397,168,0.17305628466879583,0.15622131136942552,0.051073843726968285,0.0,0.004667761414034317,0.04290202873065336,245,1845,0.13279132791327913,0.034937095126650206,0.07968812630109001,0.0004525530456819974,0.011068154488679708,0.002637737751975071,0.005792678984729567
141,16,116,Detective and Mystery,558244,9530,129038,0.010276042219092323,0.014845138567607689,0.010775090383901112,0.3963948604287109,7.749655140346254e-05,48,0.15516359522001272,0.17943551511957717,0.04183263844758908,0.0,0.006300469629101505,0.0741564500379733,1650,4170,0.39568345323741005,0.06722825834250376,0.04442102326446473,0.00012399448224554007,0.002526387575752879,0.00420031308606767,0.007292425487065826
142,184,284,Humorous and Wit and Satire,542877,7536,119764,0.009993169602851413,0.011739030875707403,0.010000681386394183,0.3705287064560302,0.0005427340436191176,279,0.17494405664473464,0.16003974483150196,0.05750475936007481,0.0,0.004099729467953642,0.06292375004174877,2252,2074,1.085824493731919,0.05397281319929194,0.049296950669650313,0.0007514779065495474,0.002463177582579072,0.0028222170268194114,0.006654754350222104
143,41,141,Ghost and Horror,195403,1782,41861,0.0035969387539092177,0.0027758695621696644,0.003495528902807579,0.4116002962184372,0.00014333150187525383,100,0.1757005327154153,0.16485511574018777,0.058431475597811804,0.0,0.002938295788442703,0.04256945605695038,392,1239,0.3163841807909605,0.036645087312773224,0.06504861326771935,0.0013616492678149112,0.008384892859702349,0.002556078450108693,0.005064379732925635
144,233,333,Western Stories,404721,4114,86532,0.007450022002839734,0.00640848898920651,0.007225701894788597,0.39489437433550595,0.00024268478713077244,58,0.19410160403087875,0.1708038644663246,0.04457310590301854,0.0,0.003952295104701151,0.0475431054407618,2037,3794,0.5369003690036901,0.04044746452179541,0.055574816252946885,0.0013521009568714464,0.006240465954791291,0.004934590671659039,0.003027781629917256
145,74,174,Western Stories,546188,5501,120503,0.010054117818662804,0.008569056375698835,0.01006239027674976,0.38256308971560876,0.00022406081176402248,366,0.17846028729575197,0.15650232774287778,0.05044687684124047,0.0,0.004531007526783566,0.04565861430835747,1044,3298,0.3165554881746513,0.03585802843082745,0.08111001385857614,0.0020165473058762024,0.012804660464884692,0.004323543812187249,0.005974954980373932
146,35,135,Love and Romance,358038,3885,77087,0.006590690816272772,0.006051769500016356,0.0064370138441682675,0.3965389754433303,0.0003372812536484751,123,0.19793220646801665,0.1603772361098499,0.05598868810564687,0.0,0.004929495245631559,0.05047543684408525,1780,2260,0.7876106194690266,0.04544216275117724,0.055028733768339666,0.00044106010092492896,0.002010715165981294,0.004618158703802198,0.003749010857861896
147,128,228,Christmas Stories,159569,1973,36008,0.002937313756813048,0.0030733954243326307,0.003006784470803261,0.3767773828038214,5.554321261941791e-05,96,0.18162630526549656,0.1513552543879138,0.0583203732503888,0.0,0.004998889135747611,0.054793379249055765,167,1092,0.15293040293040294,0.039907798267051764,0.07787158409242391,0.0016385247722728283,0.009775605421017552,0.011164185736503,0.004943345923128194
148,223,323,Western Stories,576144,6360,124625,0.010605541785091694,0.009907143891918668,0.010406590609693856,0.3816248746238716,0.0005857572718154464,310,0.19154262788365095,0.15673420260782348,0.05043129388164493,0.0,0.005336008024072217,0.051049147442326984,431,3640,0.1184065934065934,0.04171715145436309,0.06919157472417252,0.0021825476429287866,0.007149448345035106,0.004124373119358074,0.005287863590772317
149,135,235,Christmas Stories,55864,449,11949,0.0010283331706697674,0.0006994194351370254,0.000997780150011891,0.39191564147627417,0.00033475604653109047,35,0.19984935977906101,0.14444723407816554,0.05967026529416688,0.0,0.00736463302368399,0.03757636622311491,84,339,0.24778761061946902,0.031550757385555274,0.08117834128378944,0.0005021340697966357,0.009038413256339443,0.003682316511841995,0.0028454263955142688
150,17,117,Detective and Mystery,883130,10285,195578,0.016256477749777884,0.016021222473016274,0.016331395612940464,0.3735133808506069,0.0004141570115248136,136,0.1951497612205872,0.14458170141835994,0.05004141570115248,0.0,0.005772632913722402,0.05258260131507634,1050,6875,0.15272727272727274,0.037718966345908024,0.07120432768511796,0.0007413921811246664,0.0039677264313982144,0.01046641237767029,0.00502101463354774
151,15,115,Detective and Mystery,324144,3371,72441,0.0059667769453240205,0.0052510978081223006,0.0060490578163035725,0.4030866498253751,6.90216866139341e-05,56,0.15493988211095927,0.17214008641515163,0.05387832857083696,0.0,0.005673582639665383,0.04653442111511437,1002,3081,0.3252190847127556,0.04006018691072735,0.06124984470120512,0.0008972819259811433,0.0014080424069242556,0.0004693474689747519,0.0072748857691086535
152,112,212,Allegories,140074,1359,30962,0.002578453754625465,0.0021169510297354512,0.0025854271491060478,0.40349460629158324,0.0,77,0.1807376784445449,0.15609456753439702,0.059298494929268135,0.0,0.0050384342096763774,0.04389251340352691,649,608,1.0674342105263157,0.0375621729862412,0.06633938376073897,0.001873264001033525,0.007170079452231768,0.0036173373813061173,0.0029390866223112204
153,220,320,Love and Romance,358038,3885,77087,0.006590690816272772,0.006051769500016356,0.0064370138441682675,0.3965389754433303,0.0003372812536484751,123,0.19793220646801665,0.1603772361098499,0.05598868810564687,0.0,0.004929495245631559,0.05047543684408525,1780,2260,0.7876106194690266,0.04544216275117724,0.055028733768339666,0.00044106010092492896,0.002010715165981294,0.004618158703802198,0.003749010857861896
154,764,405,Sea and Adventure,540262,5512,117379,0.00994503321374033,0.008586191372996179,0.009801526171917796,0.38306681774423024,0.0004430093969108614,323,0.18691588785046728,0.1526678537046661,0.05098015829066528,0.0,0.004873103366019475,0.04695899607255131,1209,3087,0.391642371234208,0.03199039010385163,0.08055103553446528,0.0009115770282588879,0.011228584329394525,0.009158367339984154,0.0058613550975898585
